{"ganjar": 0.027270421106037543, "prabowo": 0.02139353965837984, "anies": 0.01830711990529342, "mahfud": 0.014248266531371553, "pranowo": 0.00837138508371385, "ganjarmahfud2024": 0.008075427025198714, "indonesia": 0.007821748689328598, "capres": 0.007314392017588364, "dalam": 0.007102993404363267, "jokowi": 0.00532724505327245, "rakyat": 0.005115846440047353, "gibran": 0.0050735667174023336, "debat": 0.0050735667174023336, "l3bihbaik": 0.005031286994757314, "presiden": 0.0047776086588871974, "jnk": 0.0046930492135971585, "ganjarpranowopilihanumat": 0.0045662100456621, "hebat": 0.004523930323017081, "korupsi": 0.004270251987146964, "happy": 0.003889734483341789, "demokrasi": 0.003889734483341789, "new": 0.0038474547606967696, "year": 0.0037628953154067307, "ganjarmahfudrebound": 0.0037628953154067307, "ekonomi": 0.0037206155927617113, "cawapres": 0.003593776424826653, "anggaran": 0.0034669372568915946, "coblos3": 0.0033823778116015557, "negara": 0.0033400980889565363, "2024": 0.0033400980889565363, "kesejahteraan": 0.003297818366311517, "md": 0.003213258921021478, "ini": 0.0031709791983764585, "baswedan": 0.0030441400304414, "pasangan": 0.0029595805851513612, "ganjarmahfudm3nangdebat": 0.0029595805851513612, "pilpres": 0.002917300862506342, "gubernur": 0.002832741417216303, "pertahanan": 0.002832741417216303, "3gm": 0.0026213428039912057, "nomor": 0.0026213428039912057, "masyarakat": 0.0025790630813461862, "pertumbuhan": 0.0024945036360561473, "program": 0.0024099441907661084, "pemimpin": 0.002367664468121089, "pemerintah": 0.002367664468121089, "02melanjutkan": 0.0022408253001860307, "etika": 0.002198545577541011, "bikin": 0.0021562658548959918, "3mandatganjarmahfud": 0.0021562658548959918, "pendukung": 0.0021562658548959918, "politik": 0.0020294266869609334, "pemerintahan": 0.001902587519025875, "memang": 0.001902587519025875, "anak": 0.0018603077963808556, "masuk": 0.0018603077963808556, "hukum": 0.0018180280737358362, "ganjarmahfudm3nang": 0.0018180280737358362, "lain": 0.0017757483510908167, "debatcapres": 0.0017757483510908167, "menhan": 0.0017757483510908167, "tni": 0.0016911889058007779, "salah": 0.0016911889058007779, "kpk": 0.0016911889058007779, "mahfudlebihbaik3": 0.001606629460510739, "hati": 0.001606629460510739, "membuat": 0.0015220700152207, "urut": 0.0015220700152207, "pelanggaran": 0.0015220700152207, "desa": 0.0015220700152207, "alutsista": 0.0015220700152207, "jakarta": 0.0014797902925756806, "itu": 0.0014375105699306612, "investasi": 0.0013952308472856417, "amin": 0.0013952308472856417, "warga": 0.0013952308472856417, "menang": 0.0013952308472856417, "paslon": 0.0013529511246406223, "02": 0.0013529511246406223, "mas": 0.0013529511246406223, "dukungan": 0.0013106714019956028, "tau": 0.0013106714019956028, "partai": 0.0013106714019956028, "calon": 0.0012683916793505834, "bicara": 0.0012683916793505834, "indonesiasentris": 0.0012683916793505834, "kampanye": 0.0012683916793505834, "anakmudaindonesiaemas": 0.0012683916793505834, "terbuka": 0.001226111956705564, "rumah": 0.001226111956705564, "putaran": 0.001226111956705564, "memilih": 0.001226111956705564, "kebijakan": 0.0011838322340605445, "dukung": 0.0011838322340605445, "dpr": 0.0011838322340605445, "kerja": 0.0011838322340605445, "pilih": 0.0011838322340605445, "subianto": 0.001141552511415525, "udah": 0.001141552511415525, "mungkin": 0.001141552511415525}